id,gender,shared_account,membership_tier,membership_auto_renew,membership_fee,membership_start_date,push_notification_enabled,have_app,app_engagement_score,bought_store_brand,promotion_participation_count,average_basket_size,use_count,reward_points_used
1,Male,0,standard,1,188,6/25/2023,1,1,84.64,0,2,385.77,14,107
2,Female,0,standard,0,188,4/14/2019,1,1,83.78,1,3,126.74,14,149
3,Female,0,standard,0,188,10/4/2021,0,0,0,0,5,668.71,7,87
4,Male,0,standard,1,188,11/22/2023,0,1,51.31,1,2,194.62,12,67
5,Female,1,premium,1,388,10/8/2019,1,1,70.82,0,1,519.91,7,120
6,Female,1,premium,1,388,10/24/2023,1,1,59.36,1,6,987.99,12,82
7,Female,1,standard,0,188,12/16/2021,1,1,51.12,1,3,365.87,9,0
8,Male,0,premium,1,388,3/27/2024,1,1,66.74,0,3,231.08,13,105
9,Female,0,standard,1,188,10/5/2021,0,1,65.37,1,3,610.1,13,54
10,Female,0,premium,1,388,12/12/2020,1,1,95,1,0,317.47,16,144
11,Male,1,premium,0,388,7/22/2023,1,1,76.49,0,6,402.31,15,92
12,Male,0,standard,1,188,3/2/2024,0,0,0,0,2,627.18,11,0
13,Male,0,premium,1,388,3/26/2024,0,0,0,1,2,300.43,14,28
14,Male,0,standard,1,188,11/22/2021,1,1,49.34,1,1,290.88,13,65
15,Male,1,standard,1,188,2/25/2024,1,1,61.53,0,2,1500,9,111
16,Female,1,standard,1,188,1/5/2024,1,1,85.32,1,5,1500,18,73
17,Female,0,standard,0,188,7/4/2023,1,1,95,1,4,231.26,17,51
18,Female,0,standard,0,188,1/1/2021,1,1,46.21,1,6,438.85,15,62
19,Male,0,standard,1,188,3/2/2024,0,1,41.8,0,2,283.29,11,36
20,Female,0,premium,0,388,1/2/2023,0,0,0,0,4,580.5,10,49
21,Male,0,standard,1,188,1/12/2023,0,1,95,1,3,384.23,9,113
22,Male,1,standard,1,188,4/3/2023,0,1,75.84,1,5,352.73,14,137
23,Female,0,standard,1,188,4/28/2024,1,1,56.98,1,4,125.63,10,93
24,Male,0,standard,0,188,11/17/2023,1,1,78.02,0,2,389.81,9,125
25,Male,0,premium,1,388,4/15/2022,0,0,0,1,2,420.82,11,47
26,Female,0,standard,1,188,12/10/2023,1,1,30.46,1,2,306.27,11,60
27,Male,1,standard,0,188,4/16/2022,0,0,0,0,3,285.77,4,46
28,Male,0,premium,1,388,9/23/2022,0,1,70.05,1,7,219.12,14,54
29,Female,0,standard,1,188,11/9/2021,1,1,74.92,0,1,690.87,14,163
30,Male,1,standard,1,188,2/22/2024,1,1,83.86,1,0,264.16,15,156
31,Male,0,standard,1,188,3/18/2021,1,1,54.79,1,1,721.68,13,139
32,Female,1,standard,0,188,2/27/2024,1,1,71.29,1,4,323.61,16,200
33,Female,1,standard,1,188,4/17/2024,0,0,0,0,2,434.77,6,12
34,Female,0,premium,1,388,2/11/2022,1,1,56.12,0,1,344.13,12,46
35,Female,0,standard,1,188,7/10/2022,1,1,73.83,0,2,313.51,8,200
36,Male,0,premium,1,388,10/25/2022,0,1,56.57,1,3,341.99,12,58
37,Male,0,standard,1,188,8/8/2023,1,1,63.88,0,3,310.08,12,129
38,Female,1,standard,1,188,11/7/2023,1,1,55.06,1,4,402.85,14,0
39,Male,0,premium,0,388,9/4/2021,0,0,0,1,2,348.07,6,66
40,Male,0,premium,1,388,7/9/2023,0,0,0,0,3,546.69,7,137
41,Female,1,standard,1,188,2/20/2024,0,0,0,1,1,237.01,10,111
42,Female,0,premium,1,388,12/20/2022,1,1,79.77,1,0,297.44,14,95
43,Male,1,standard,1,188,6/3/2021,1,1,82.88,1,3,373.61,15,104
44,Female,0,premium,1,388,2/12/2023,1,1,66.48,1,2,525.93,11,74
45,Female,0,premium,1,388,6/13/2023,0,1,70.57,1,3,769.58,13,85
46,Female,0,standard,0,188,11/17/2022,0,0,0,0,0,760.24,7,0
47,Male,0,standard,1,188,8/25/2023,1,1,48.27,1,1,246.98,11,56
48,Female,0,standard,1,188,12/22/2021,0,1,65.5,0,5,191.55,11,180
49,Male,0,premium,1,388,4/9/2020,1,1,69.25,0,3,277.91,12,134
50,Male,1,standard,0,188,3/13/2024,1,1,95,1,4,813.97,11,174
51,Male,0,standard,1,188,11/17/2022,0,1,53.32,1,5,699.54,10,102
52,Female,0,standard,1,188,1/31/2019,1,1,91.96,1,3,266.91,13,98
53,Female,0,standard,1,188,4/14/2024,1,1,84.95,0,4,324.75,11,89
54,Female,0,standard,1,188,10/14/2023,1,1,74.21,1,3,1461.47,11,91
55,Female,0,standard,1,188,4/20/2019,1,1,95,0,1,635.63,11,51
56,Female,0,premium,0,388,4/1/2022,0,0,0,1,2,514.52,9,61
57,Male,1,standard,1,188,7/15/2022,0,0,0,0,3,288.14,4,0
58,Male,1,premium,1,388,2/25/2024,0,0,0,1,2,46.26,13,83
59,Male,1,standard,1,188,11/30/2023,0,0,0,1,2,404.74,12,62
60,Female,0,premium,1,388,5/1/2024,0,1,75.58,0,2,410.84,12,138
61,Male,0,standard,1,188,4/5/2024,1,1,75.84,0,1,64.45,11,162
62,Male,0,standard,1,188,10/20/2022,0,1,69.2,1,0,365.01,14,127
63,Female,0,premium,1,388,10/20/2023,0,1,88.35,0,0,1047.45,16,185
64,Female,0,premium,1,388,1/18/2023,0,0,0,1,1,451.5,11,84
65,Male,0,premium,1,388,6/1/2023,1,1,86.45,0,2,116.17,10,89
66,Male,0,standard,1,188,12/19/2022,0,0,0,0,3,385.34,9,50
67,Female,1,standard,0,188,11/9/2023,0,1,60.61,1,1,684.61,12,29
68,Female,0,premium,1,388,2/3/2024,1,1,50.21,1,5,423.57,12,23
69,Female,1,standard,1,188,7/5/2023,0,1,66.96,1,5,444.97,13,104
70,Female,0,premium,0,388,2/7/2024,0,0,0,0,3,352.83,12,81
71,Male,0,standard,1,188,2/28/2024,1,1,58,0,4,1479.81,12,29
72,Male,1,standard,0,188,4/23/2023,1,1,69.05,1,2,353.76,11,70
73,Female,1,premium,0,388,3/23/2022,1,1,88.56,1,0,363.6,10,44
74,Male,0,standard,0,188,9/29/2022,1,1,63.14,0,6,347.01,11,96
75,Male,0,premium,0,388,9/10/2022,1,1,69.36,0,1,291.86,6,198
76,Female,0,premium,1,388,10/28/2020,0,1,70.87,0,6,587.82,10,130
77,Male,0,premium,1,388,2/6/2024,1,1,82.73,1,3,101.45,12,157
78,Male,1,premium,1,388,8/11/2019,1,1,36.3,1,2,370.33,10,23
79,Male,0,standard,1,188,11/29/2022,0,1,60.9,1,3,252.9,16,57
80,Female,1,standard,1,188,7/7/2023,1,1,73.17,0,3,323.87,10,71
81,Female,0,standard,1,188,10/3/2019,0,1,88,1,0,418.77,11,116
82,Male,0,premium,1,388,2/14/2021,0,1,62.62,0,2,172.38,8,40
83,Female,0,premium,0,388,11/27/2021,0,1,41.85,1,4,251.89,11,19
84,Female,1,standard,0,188,10/17/2023,0,1,79.3,0,3,234.35,9,96
85,Female,0,standard,0,188,4/9/2024,0,0,0,0,1,541.37,10,7
86,Male,0,premium,1,388,1/31/2024,1,1,60.47,0,2,739.26,8,35
87,Male,0,standard,0,188,4/21/2022,1,1,52.16,1,5,218.03,13,71
88,Female,0,standard,0,188,1/30/2024,0,1,60.63,1,3,256.05,15,121
89,Male,0,standard,1,188,3/24/2023,1,1,67.23,1,3,175.77,9,151
90,Male,0,standard,1,188,3/24/2024,0,0,0,0,7,129.92,9,15
91,Male,1,premium,0,388,11/23/2023,1,1,60.93,0,2,472.1,11,150
92,Male,0,premium,0,388,10/9/2020,1,1,36.92,0,3,354.76,12,121
93,Male,0,standard,1,188,7/17/2021,0,1,83.46,0,5,297.64,12,130
94,Female,0,premium,1,388,5/29/2023,1,1,89.12,0,4,216.89,12,95
95,Male,0,standard,1,188,10/5/2022,1,1,79.77,1,2,218.93,15,125
96,Male,0,standard,1,188,8/28/2023,0,0,0,0,1,119,9,33
97,Male,0,premium,0,388,12/29/2023,1,1,52.93,1,4,618.35,12,27
98,Female,0,standard,0,188,2/19/2023,1,1,66.98,1,2,1379.51,10,147
99,Female,1,premium,1,388,9/27/2019,1,1,69.9,0,6,283.12,12,114
100,Female,1,standard,1,188,2/12/2024,0,0,0,1,1,425.27,13,108
101,Male,1,standard,1,188,10/26/2023,1,1,78.98,1,2,402.01,16,102
102,Female,0,standard,1,188,12/3/2022,0,0,0,0,0,348.89,12,46
103,Female,0,standard,1,188,3/9/2021,1,1,80.03,1,4,140.47,15,97
104,Female,0,standard,1,188,10/20/2021,0,1,58.99,0,5,662.76,12,15
105,Female,0,standard,1,188,5/16/2019,1,1,71.23,1,3,1405.01,15,152
106,Male,0,standard,1,188,9/10/2021,0,1,76.86,1,6,279.89,12,200
107,Female,0,premium,1,388,1/22/2024,0,1,91.84,1,1,651.46,15,104
108,Female,0,premium,1,388,7/13/2022,0,0,0,1,0,607.44,10,32
109,Male,0,premium,1,388,3/14/2022,1,1,80.57,0,5,427.87,11,90
110,Male,1,premium,1,388,6/4/2023,1,1,81.84,1,5,90.52,15,92
111,Female,0,standard,1,188,5/30/2022,1,1,71.26,0,5,314.99,11,185
112,Male,1,standard,0,188,5/29/2023,0,0,0,1,4,458.01,9,31
113,Female,0,standard,0,188,2/23/2024,0,0,0,0,2,788.22,7,36
114,Male,0,premium,0,388,1/29/2022,0,1,91.16,0,1,285.14,15,70
115,Male,0,standard,0,188,1/20/2021,0,0,0,0,6,202.67,10,71
116,Female,0,premium,1,388,12/22/2023,1,1,76.15,1,2,618.44,12,117
117,Male,0,standard,1,188,10/14/2021,1,1,57.08,1,2,1242.57,11,14
118,Female,1,standard,1,188,2/25/2023,1,1,91.05,1,4,1285.01,14,84
119,Male,0,premium,0,388,12/6/2023,0,0,0,0,2,788.31,5,121
120,Female,0,premium,0,388,5/19/2023,1,1,80.47,1,5,348.1,14,121
121,Male,0,premium,1,388,9/2/2022,1,1,63.35,1,0,197.3,15,124
122,Male,0,standard,1,188,10/7/2022,1,1,62.81,0,4,306.8,10,124
123,Male,0,standard,1,188,10/4/2023,0,0,0,1,3,147.48,9,115
124,Male,1,standard,1,188,10/17/2021,0,1,74.45,0,3,365.5,6,78
125,Male,0,premium,1,388,3/20/2023,1,1,76.95,1,3,170.91,13,104
126,Female,0,standard,1,188,4/8/2024,1,1,72.96,1,2,460.32,7,113
127,Male,0,standard,1,188,11/7/2020,1,1,74.67,0,3,209.48,11,51
128,Female,0,standard,1,188,4/6/2021,0,1,95,1,3,388.67,13,83
129,Female,1,premium,1,388,2/23/2024,0,0,0,0,3,155.68,11,101
130,Female,0,premium,1,388,6/5/2023,1,1,86.07,1,2,503.57,15,150
131,Male,0,standard,0,188,5/12/2021,0,1,72.86,1,0,187.88,12,157
132,Female,0,premium,1,388,6/1/2023,1,1,84.12,0,1,66.6,12,96
133,Male,1,premium,0,388,5/21/2023,0,0,0,0,4,451.84,10,41
134,Female,0,premium,0,388,1/9/2024,1,1,54.51,0,0,759.06,8,0
135,Female,0,standard,1,188,4/10/2024,1,1,75.97,1,5,418.22,14,157
136,Female,0,standard,1,188,11/9/2023,0,0,0,0,4,310.02,12,103
137,Female,0,standard,1,188,3/21/2022,0,0,0,1,4,526.81,10,103
138,Female,0,standard,1,188,10/8/2021,0,0,0,1,5,722.82,11,124
139,Male,0,standard,0,188,10/30/2023,0,0,0,0,1,519.16,11,76
140,Female,0,premium,1,388,8/1/2019,1,1,95,1,5,344.18,14,182
141,Female,0,standard,0,188,12/7/2023,0,0,0,0,3,704.82,10,51
142,Male,0,premium,1,388,2/2/2022,1,1,66.73,1,5,273.37,11,49
143,Male,0,standard,1,188,3/26/2024,0,0,0,1,5,450.81,10,94
144,Male,0,premium,1,388,2/3/2022,1,1,57.29,0,0,412.29,12,0
145,Female,0,premium,1,388,6/12/2022,0,0,0,0,2,185.67,10,66
146,Female,1,premium,1,388,8/27/2022,0,1,60.22,0,3,846.05,15,158
147,Female,0,premium,0,388,9/25/2023,1,1,53.66,0,4,275.19,9,72
148,Female,0,premium,1,388,5/9/2022,1,1,58.23,0,2,197.58,11,151
149,Female,1,premium,1,388,3/16/2022,0,0,0,0,2,331,7,0
150,Female,0,standard,1,188,9/10/2022,0,0,0,0,2,205.42,5,56
151,Male,0,standard,1,188,6/4/2020,1,1,64.44,1,3,222.76,12,120
152,Male,0,standard,0,188,3/2/2024,1,1,48.92,1,7,436.32,12,6
153,Female,1,standard,0,188,8/24/2022,1,1,70.23,1,4,464.91,11,73
154,Female,0,standard,1,188,11/26/2023,1,1,83.53,0,2,223.46,11,86
155,Female,0,standard,0,188,8/6/2023,0,0,0,0,0,749.63,8,16
156,Female,0,standard,1,188,1/20/2024,1,1,56.38,1,1,362.61,18,55
157,Female,0,premium,1,388,2/21/2024,1,1,92.79,0,3,443.36,14,95
158,Male,0,premium,1,388,11/12/2020,0,0,0,0,5,231.23,5,72
159,Male,0,standard,0,188,11/16/2022,1,1,77.66,1,2,314.82,15,145
160,Female,0,standard,1,188,12/2/2020,1,1,85.46,0,3,281.28,13,143
161,Male,0,standard,1,188,10/20/2023,1,1,60.13,0,5,229.58,14,103
162,Female,0,premium,1,388,4/2/2023,1,1,82.82,1,6,314.81,13,131
163,Female,0,premium,1,388,6/18/2021,0,1,53.62,0,1,389.04,11,101
164,Female,0,standard,1,188,8/27/2023,1,1,83.35,1,0,647.13,17,137
165,Male,1,premium,1,388,10/4/2022,1,1,72.58,0,2,372.15,10,194
166,Male,0,standard,1,188,12/1/2022,0,0,0,0,4,223.29,12,99
167,Female,0,standard,1,188,2/14/2022,1,1,78.3,0,7,268.28,13,188
168,Male,1,standard,1,188,11/19/2023,0,0,0,1,0,764.22,15,0
169,Male,1,standard,1,188,1/28/2022,0,1,52.37,0,0,329.71,10,63
170,Female,0,standard,1,188,4/5/2024,0,1,56.57,0,5,179.16,9,47
171,Male,0,standard,1,188,10/14/2023,1,1,78.96,1,4,291.75,11,115
172,Male,1,standard,0,188,6/17/2021,0,1,55.77,0,8,379.18,15,27
173,Female,0,standard,1,188,2/5/2023,1,1,76.95,1,2,153.74,12,135
174,Female,0,premium,1,388,5/8/2023,0,0,0,0,2,429.91,9,0
175,Male,0,premium,1,388,7/22/2023,1,1,49.49,1,1,40,12,76
176,Female,1,premium,0,388,2/23/2024,0,1,82.72,1,1,385.29,12,89
177,Male,0,standard,0,188,11/16/2021,0,0,0,1,3,208.39,9,39
178,Female,0,standard,1,188,12/20/2022,0,1,51.51,0,2,258.23,11,77
179,Female,0,standard,1,188,7/23/2023,1,1,78.28,1,0,584.6,14,123
180,Female,1,premium,1,388,1/22/2022,1,1,79.38,0,5,220.25,8,162
181,Female,0,premium,1,388,2/22/2022,1,1,59.55,1,1,307.73,16,21
182,Male,1,standard,1,188,4/19/2023,1,1,78.73,1,4,359.77,13,116
183,Female,0,premium,1,388,8/29/2021,0,1,73.91,0,2,259.74,12,155
184,Female,0,standard,1,188,3/30/2023,0,0,0,0,5,594.21,10,74
185,Female,0,standard,1,188,5/18/2023,1,1,61.92,1,1,363.8,11,137
186,Male,0,standard,1,188,4/15/2022,1,1,54.87,0,4,168.11,11,104
187,Male,0,premium,1,388,12/22/2022,0,0,0,0,0,1351.47,11,43
188,Female,0,premium,1,388,2/15/2024,1,1,40.56,0,2,118.34,9,35
189,Female,0,premium,1,388,3/1/2022,1,1,75.24,1,4,167.92,12,143
190,Female,0,standard,1,188,3/7/2022,1,1,46.53,1,1,675.03,6,54
191,Female,1,standard,1,188,7/13/2020,0,0,0,0,2,426.3,10,104
192,Female,0,premium,1,388,2/6/2022,1,1,71.43,1,5,412.48,12,134
193,Female,0,standard,1,188,5/7/2023,0,1,66.05,0,5,735,11,95
194,Male,0,standard,1,188,7/3/2023,0,1,80.19,0,0,353.16,9,133
195,Female,0,premium,1,388,2/11/2024,1,1,65.47,0,1,121.34,16,83
196,Female,0,standard,1,188,1/26/2022,0,0,0,0,1,280.43,8,97
197,Female,0,standard,1,188,2/23/2022,0,0,0,0,1,276.74,10,4
198,Female,0,premium,1,388,2/17/2022,0,1,65.06,1,7,1326.31,13,168
199,Female,0,premium,1,388,6/12/2021,0,1,80.98,0,3,255.22,14,132
200,Female,0,standard,1,188,2/4/2022,0,1,75.03,1,3,641.42,12,113
201,Male,0,standard,1,188,4/2/2023,0,0,0,1,8,632.23,13,90
202,Male,1,standard,1,188,3/12/2024,1,1,74.74,0,3,1478.17,10,140
203,Male,1,standard,1,188,4/21/2024,1,1,77.04,0,4,181.37,11,173
204,Male,0,standard,0,188,7/10/2023,1,1,46.97,0,2,747.25,11,112
205,Male,0,premium,1,388,7/20/2022,1,1,81.35,0,2,272.51,14,134
206,Male,1,standard,1,188,3/10/2024,1,1,79.19,1,3,666.92,15,85
207,Female,1,standard,1,188,4/4/2023,1,1,54.75,1,0,501.47,16,38
208,Female,0,premium,1,388,7/15/2021,1,1,66.34,0,2,387.65,10,117
209,Female,1,standard,0,188,1/8/2021,0,0,0,1,1,755.41,14,103
210,Female,1,standard,1,188,10/13/2023,0,1,69.41,1,0,878.19,10,101
211,Female,0,premium,0,388,4/19/2022,1,1,67.98,1,3,779.97,14,105
212,Female,0,standard,1,188,2/25/2023,1,1,75.01,1,3,774.25,13,193
213,Male,0,premium,1,388,4/14/2022,0,1,91.47,1,2,289.06,13,115
214,Female,0,premium,0,388,3/9/2024,0,1,86.23,1,2,232.49,12,94
215,Male,0,premium,1,388,11/14/2020,0,1,50.32,1,4,182.53,13,91
216,Male,0,standard,1,188,8/2/2022,0,1,79.33,1,1,589.46,10,117
217,Female,0,standard,1,188,12/2/2022,1,1,89.93,0,3,262.26,11,64
218,Female,0,premium,1,388,12/9/2022,0,1,75.8,1,4,98.64,10,161
219,Female,0,standard,1,188,9/10/2023,1,1,86.36,1,1,331.34,13,90
220,Female,0,premium,1,388,8/27/2021,0,0,0,0,4,297.02,6,61
221,Female,0,standard,1,188,10/1/2021,1,1,95,1,4,289.54,10,117
222,Female,0,standard,0,188,7/21/2023,0,0,0,0,0,706.21,6,69
223,Female,1,standard,0,188,3/4/2024,1,1,85.36,0,0,315.58,11,32
224,Male,0,standard,1,188,12/25/2021,1,1,73.74,1,7,187.45,14,106
225,Female,0,premium,1,388,3/13/2024,1,1,85.68,1,1,505.86,17,164
226,Female,0,premium,1,388,3/1/2024,1,1,72.17,0,5,543.23,7,170
227,Male,0,standard,1,188,8/6/2022,0,0,0,0,3,1301.94,10,20
228,Female,0,standard,0,188,12/6/2023,0,1,70.36,1,2,344.7,14,156
229,Female,0,premium,1,388,1/19/2021,0,0,0,0,1,399.1,9,29
230,Male,0,premium,1,388,7/21/2023,1,1,64.73,1,3,259.28,14,105
231,Female,0,premium,0,388,4/22/2024,1,1,93.45,0,2,398.85,10,107
232,Female,0,standard,0,188,4/25/2024,0,1,57.72,1,4,245.99,13,64
233,Female,0,premium,1,388,6/16/2022,1,1,92.99,0,6,331.23,11,160
234,Female,0,standard,1,188,1/11/2024,1,1,77.5,0,5,197.27,8,130
235,Female,1,standard,1,188,6/2/2023,1,1,49.01,0,2,886.33,12,54
236,Female,0,standard,0,188,12/21/2021,1,1,75.51,0,5,443.54,11,158
237,Male,0,premium,1,388,5/13/2020,1,1,38.5,1,5,579.85,10,27
238,Female,1,standard,1,188,5/8/2023,0,1,79.38,1,6,152.01,14,116
239,Female,0,premium,1,388,1/31/2024,0,0,0,1,3,343.86,12,99
240,Male,1,standard,1,188,10/8/2022,0,0,0,1,4,933.37,13,81
241,Male,0,standard,1,188,4/17/2024,1,1,83.28,0,3,156.83,13,101
242,Female,0,premium,0,388,3/16/2024,1,1,61.11,1,2,331.05,12,59
243,Male,0,standard,0,188,7/23/2022,0,1,71.85,1,8,557.61,12,132
244,Female,0,standard,0,188,2/21/2023,0,0,0,0,0,338.57,8,0
245,Female,1,standard,1,188,11/7/2023,0,1,95,0,1,893.99,9,111
246,Male,0,premium,1,388,4/30/2024,1,1,62.41,0,5,313.13,10,167
247,Female,0,standard,0,188,4/23/2024,0,0,0,0,0,492.09,9,83
248,Female,0,standard,1,188,4/24/2024,1,1,54.12,1,5,353.28,13,0
249,Male,0,standard,1,188,11/15/2023,1,1,92.22,1,4,225.66,17,128
250,Male,0,standard,1,188,1/4/2019,1,1,95,0,0,247.41,14,107
251,Male,0,premium,0,388,4/2/2024,1,1,70.06,0,2,199.93,8,69
252,Male,0,standard,1,188,3/7/2024,1,1,85.17,1,4,447.1,12,133
253,Female,0,standard,0,188,1/30/2021,0,1,90.12,0,3,732.09,9,100
254,Male,0,standard,1,188,8/13/2022,1,1,58.86,1,6,143.94,14,40
255,Male,1,standard,1,188,4/18/2024,1,1,62.72,1,5,555.1,13,124
256,Male,0,premium,1,388,12/6/2022,0,0,0,0,2,40,14,34
257,Male,0,premium,1,388,4/25/2024,1,1,88.46,0,0,391.12,12,123
258,Male,0,premium,1,388,9/19/2023,1,1,95,0,6,505.33,14,96
259,Female,0,premium,0,388,1/31/2024,1,1,78.44,1,3,396.52,13,98
260,Male,1,standard,1,188,11/15/2021,0,0,0,0,0,1500,12,99
261,Female,0,premium,1,388,8/18/2021,1,1,56.8,1,5,382.86,14,103
262,Male,0,premium,1,388,1/10/2024,0,1,95,1,5,667.76,14,51
263,Male,1,standard,1,188,3/29/2024,0,0,0,0,3,225.65,9,89
264,Male,0,standard,1,188,6/18/2021,0,0,0,0,2,331.64,10,115
265,Male,0,standard,1,188,3/2/2024,1,1,62.04,0,4,637.48,11,182
266,Male,0,standard,0,188,6/14/2023,0,0,0,0,4,253.68,6,80
267,Male,0,premium,1,388,11/12/2023,1,1,64.97,0,5,527.03,7,77
268,Male,0,standard,1,188,2/2/2022,1,1,75.14,0,7,685.05,11,145
269,Male,0,standard,1,188,9/16/2023,1,1,93.31,1,3,401.88,15,85
270,Female,0,premium,1,388,1/12/2023,1,1,82.81,1,4,533.86,10,106
271,Male,0,standard,0,188,2/14/2024,1,1,76.22,1,7,185.06,12,135
272,Female,0,standard,1,188,11/23/2023,1,1,76.95,1,1,302.22,11,87
273,Male,0,premium,0,388,1/25/2023,1,1,70.65,0,0,610.43,11,74
274,Female,0,premium,1,388,1/28/2022,0,1,78.37,1,5,408.41,12,138
275,Male,0,premium,1,388,3/11/2024,0,0,0,1,1,204.26,7,134
276,Male,0,premium,0,388,1/25/2024,0,1,32.06,1,0,218.22,9,109
277,Male,0,standard,1,188,7/19/2023,0,1,65.55,0,1,58.35,9,148
278,Female,0,standard,1,188,7/24/2022,0,1,73.62,1,2,345.93,14,159
279,Female,0,premium,1,388,5/2/2022,0,0,0,0,1,278.93,8,85
280,Female,0,standard,0,188,2/26/2023,1,1,52.73,1,2,191.54,14,77
281,Female,0,standard,1,188,1/29/2022,0,0,0,1,7,286.92,11,95
282,Male,0,standard,1,188,9/27/2023,0,1,75.79,0,4,510.69,15,65
283,Male,0,standard,1,188,10/13/2022,1,1,66.93,0,4,232.23,10,127
284,Male,1,premium,1,388,5/12/2022,0,1,95,1,0,925.83,11,116
285,Female,0,standard,0,188,4/2/2023,0,1,93.6,0,4,266.45,8,123
286,Male,1,standard,1,188,5/19/2023,0,1,63.01,0,4,826.85,9,101
287,Female,0,standard,1,188,3/27/2023,0,0,0,1,4,387.4,11,80
288,Female,0,standard,0,188,2/11/2022,0,1,67.74,0,1,389.18,8,87
289,Female,0,premium,1,388,6/7/2022,1,1,68.89,0,2,582.84,9,98
290,Female,0,standard,1,188,4/10/2024,0,0,0,0,5,609.39,11,33
291,Female,1,premium,1,388,6/8/2021,1,1,63.23,0,4,697.53,12,154
292,Male,1,standard,1,188,1/26/2021,0,0,0,0,4,495.07,5,59
293,Female,0,standard,1,188,6/1/2022,1,1,72.93,0,3,346.72,7,101
294,Female,0,premium,1,388,12/24/2023,1,1,58.63,0,2,317.45,7,45
295,Male,1,standard,1,188,3/19/2024,1,1,53.04,0,4,424.02,15,60
296,Female,0,premium,1,388,2/29/2024,1,1,79.34,0,0,465.71,14,184
297,Female,0,standard,1,188,2/17/2022,0,0,0,0,4,258.23,11,10
298,Male,0,standard,1,188,3/10/2024,0,1,79.44,0,9,740.74,15,147
299,Male,0,standard,1,188,10/13/2022,1,1,57.94,1,4,261.69,13,78
300,Male,1,standard,0,188,5/24/2021,0,1,83.43,0,2,353.92,10,84
301,Female,1,standard,1,188,1/8/2021,0,1,60.53,0,2,637.89,10,178
302,Male,0,standard,1,188,11/25/2023,0,0,0,1,4,744.29,11,81
303,Male,0,standard,1,188,3/22/2021,0,1,73.8,0,5,312.97,14,99
304,Male,0,standard,0,188,5/13/2022,0,1,82.31,1,3,455.27,14,45
305,Female,0,premium,0,388,2/3/2024,0,0,0,1,3,247.52,10,69
306,Male,0,standard,1,188,4/16/2023,1,1,69.5,0,1,739.9,15,118
307,Female,0,premium,1,388,2/1/2021,0,0,0,1,4,190.29,8,18
308,Female,0,standard,1,188,4/8/2024,0,1,76.82,0,4,390.58,14,78
309,Male,0,premium,1,388,2/11/2024,0,1,62.25,0,7,571.67,8,154
310,Female,0,premium,1,388,4/15/2023,1,1,67.05,0,2,196.11,11,41
311,Female,0,standard,0,188,2/17/2021,1,1,66.91,1,4,96.35,11,132
312,Male,1,standard,1,188,7/1/2021,0,0,0,1,2,520.45,12,52
313,Female,1,premium,1,388,1/23/2023,0,1,58.8,0,3,210.02,11,79
314,Male,0,premium,1,388,7/20/2023,1,1,67.35,0,5,1446.5,10,108
315,Female,0,standard,1,188,8/26/2022,1,1,46.77,0,1,107.35,13,71
316,Female,0,standard,0,188,2/3/2024,1,1,62.63,1,2,338.82,13,90
317,Male,0,premium,0,388,10/22/2022,1,1,65.73,0,4,316.73,12,118
318,Male,1,premium,1,388,11/29/2023,0,0,0,0,3,472.61,6,79
319,Female,1,standard,1,188,8/19/2022,1,1,66.16,0,0,525.34,14,126
320,Female,0,premium,1,388,7/20/2021,0,1,66.38,1,2,243.42,10,135
321,Male,0,standard,1,188,10/5/2021,1,1,69.07,0,3,660.18,9,82
322,Female,0,standard,1,188,10/29/2023,1,1,77.19,0,6,418.43,8,96
323,Female,0,standard,1,188,1/23/2024,1,1,83.12,0,1,343.67,12,97
324,Female,0,premium,0,388,5/8/2021,1,1,60.25,1,5,191.68,16,108
325,Female,0,standard,1,188,3/6/2022,0,0,0,0,1,239.85,7,114
326,Male,0,standard,0,188,6/3/2021,0,1,51.95,0,1,354.39,10,45
327,Male,0,standard,1,188,10/30/2023,1,1,54.37,1,1,692.26,14,14
328,Male,0,standard,0,188,4/29/2024,1,1,62.69,0,5,186.09,12,141
329,Male,0,standard,1,188,1/23/2021,0,0,0,0,1,361.42,11,113
330,Male,0,standard,1,188,6/19/2023,1,1,64.72,1,4,204.37,10,69
331,Male,0,standard,1,188,3/27/2023,1,1,58.45,1,3,600.05,13,138
332,Female,0,standard,0,188,3/26/2022,0,1,50.56,0,9,313.9,9,76
333,Male,1,standard,1,188,10/2/2023,0,1,63.16,1,5,383.17,18,161
334,Female,1,standard,1,188,4/27/2021,1,1,72.72,0,4,142.74,11,178
335,Female,1,premium,1,388,4/20/2022,1,1,78.93,1,5,528.56,14,158
336,Female,1,standard,1,188,9/14/2022,1,1,61.64,0,3,598.17,8,115
337,Male,0,standard,1,188,11/27/2021,1,1,63.81,1,5,260.46,11,168
338,Female,0,premium,0,388,1/28/2024,0,0,0,0,2,258.73,6,70
339,Male,0,premium,1,388,5/8/2019,0,0,0,0,0,288.45,8,103
340,Female,1,standard,1,188,5/18/2022,1,1,56.1,0,3,541.61,10,107
341,Female,0,standard,1,188,8/22/2023,1,1,69.53,0,2,352.91,12,76
342,Male,0,standard,1,188,12/9/2023,1,1,57.27,1,2,252.65,9,91
343,Female,1,premium,1,388,10/19/2023,1,1,78.6,0,3,45.98,13,112
344,Female,0,standard,1,188,3/29/2023,0,1,43.21,1,2,316.99,8,65
345,Female,0,premium,1,388,9/28/2022,0,1,64.61,1,3,653.66,10,125
346,Female,0,standard,1,188,1/17/2024,1,1,74.52,1,0,350.08,14,123
347,Male,0,premium,0,388,2/22/2020,0,0,0,1,7,612.61,12,120
348,Female,1,premium,1,388,3/14/2021,0,1,72.76,0,6,261.21,11,65
349,Female,0,premium,1,388,5/18/2023,1,1,95,0,6,501.13,8,51
350,Male,0,premium,1,388,5/6/2022,0,0,0,1,2,133.59,12,0
351,Female,0,premium,1,388,11/30/2021,1,1,75.25,1,3,388.32,12,162
352,Female,0,premium,1,388,10/14/2023,0,1,54.94,0,7,356.33,10,29
353,Female,0,standard,1,188,1/23/2024,0,1,68.57,1,6,421.37,13,125
354,Female,1,standard,0,188,8/26/2023,0,1,43.36,1,4,459.65,11,55
355,Male,1,premium,1,388,1/17/2024,0,0,0,1,2,294.18,8,24
356,Female,0,standard,1,188,12/29/2023,1,1,68.79,0,3,246.11,14,154
357,Male,1,premium,1,388,9/28/2023,1,1,57.5,0,4,332.12,13,54
358,Female,0,standard,1,188,11/19/2023,0,0,0,1,2,337.69,6,50
359,Female,0,premium,1,388,3/4/2024,0,0,0,1,3,195.82,11,69
360,Female,0,premium,1,388,2/23/2024,0,0,0,0,5,276.06,6,88
361,Male,0,standard,1,188,7/5/2022,0,1,83.73,0,4,654.05,14,81
362,Female,0,standard,1,188,10/11/2022,1,1,61.76,1,3,295.78,14,154
363,Female,0,standard,1,188,1/8/2024,0,0,0,0,3,166.12,7,117
364,Male,0,standard,1,188,1/20/2024,0,0,0,1,8,277.61,6,2
365,Male,0,standard,1,188,12/25/2023,1,1,68.25,1,3,265.76,9,131
366,Male,0,premium,1,388,3/18/2024,1,1,60.47,0,4,416.03,11,107
367,Male,0,premium,0,388,4/16/2024,1,1,95,1,4,564.89,15,147
368,Female,0,premium,1,388,4/20/2022,0,0,0,0,4,727.22,6,11
369,Female,1,premium,1,388,5/5/2022,1,1,65.18,1,4,454.43,11,185
370,Female,1,standard,0,188,2/16/2021,1,1,95,1,3,255.96,12,55
371,Female,1,standard,1,188,2/12/2023,0,1,82.21,0,3,892.87,10,110
372,Male,1,premium,1,388,4/27/2024,1,1,77.23,1,3,1325.9,11,137
373,Female,1,standard,1,188,6/3/2023,0,0,0,0,0,248.38,9,32
374,Female,0,standard,1,188,4/23/2024,1,1,75.53,1,1,792.95,14,86
375,Female,1,premium,0,388,4/4/2019,0,0,0,1,1,430.59,15,68
376,Female,0,premium,0,388,7/27/2022,0,0,0,1,5,1446.63,14,63
377,Male,0,premium,1,388,10/16/2023,1,1,75.91,0,2,343.57,11,120
378,Female,1,premium,1,388,1/23/2022,1,1,41.08,1,1,924.35,12,94
379,Female,0,premium,1,388,1/24/2023,1,1,65.82,0,1,344.88,15,104
380,Female,0,standard,1,188,11/20/2022,0,0,0,1,4,422.31,8,72
381,Male,1,premium,1,388,12/27/2023,1,1,82.68,0,0,1498.54,7,99
382,Male,0,premium,1,388,1/13/2021,0,1,69.27,1,3,352.4,8,86
383,Female,0,standard,1,188,4/10/2024,0,0,0,0,1,293.11,9,48
384,Female,0,standard,1,188,10/22/2022,1,1,48.92,0,5,301.86,13,40
385,Female,0,standard,1,188,1/17/2024,0,0,0,0,7,218.47,8,42
386,Male,0,premium,1,388,9/27/2022,0,1,69.21,0,7,176.51,11,166
387,Female,0,premium,0,388,9/14/2022,1,1,95,0,2,296.13,12,109
388,Female,1,standard,1,188,9/2/2021,1,1,88.7,0,3,714.36,9,93
389,Female,0,premium,0,388,3/29/2024,0,0,0,1,3,458.99,9,61
390,Male,0,premium,1,388,6/14/2022,1,1,69.07,1,2,389.41,8,124
391,Female,0,standard,1,188,10/17/2022,0,0,0,0,2,312.17,6,12
392,Female,0,standard,1,188,3/11/2024,0,0,0,0,0,171.58,11,48
393,Male,0,standard,1,188,9/24/2023,1,1,84.27,0,4,225.99,14,106
394,Male,0,standard,1,188,11/23/2022,0,0,0,1,1,297.89,12,53
395,Female,0,standard,1,188,9/23/2023,0,1,64.5,1,3,327.43,14,149
396,Male,0,premium,1,388,4/26/2023,1,1,44.44,1,3,1421.79,13,65
397,Female,0,premium,1,388,4/17/2022,1,1,56.13,0,3,272.62,12,109
398,Male,0,premium,1,388,3/16/2024,0,0,0,1,5,369.53,12,59
399,Male,0,premium,1,388,1/13/2024,0,1,93.44,1,4,659.03,15,191
400,Female,0,standard,1,188,2/11/2024,0,1,65.89,1,4,440.21,13,101
401,Female,1,standard,0,188,8/18/2022,0,1,66.35,1,3,264.72,11,89
402,Female,0,standard,1,188,9/19/2023,1,1,65.5,0,0,430.08,12,141
403,Male,0,premium,1,388,1/10/2022,0,1,95,1,2,641.64,13,174
404,Female,0,premium,1,388,11/15/2023,0,0,0,0,7,195.24,9,4
405,Female,0,premium,1,388,5/26/2022,0,0,0,1,9,394.2,10,52
406,Female,0,premium,1,388,7/11/2022,1,1,94.39,1,4,325.84,12,95
407,Female,0,premium,1,388,3/4/2024,0,0,0,1,1,433.73,14,65
408,Female,1,standard,1,188,7/24/2019,1,1,95,1,1,119.69,11,120
409,Male,0,standard,1,188,2/27/2022,0,0,0,1,2,312.1,10,113
410,Female,1,standard,1,188,12/16/2021,1,1,67.61,1,5,554.39,10,115
411,Female,0,standard,1,188,2/22/2019,1,1,74.43,0,4,286.66,13,174
412,Male,0,standard,0,188,4/25/2021,1,1,47.25,1,5,289.26,13,47
413,Female,0,premium,1,388,4/1/2024,0,0,0,0,3,354.38,10,97
414,Female,0,premium,1,388,10/14/2022,1,1,92.15,0,1,353.26,14,129
415,Female,0,premium,1,388,7/13/2022,0,1,52.48,0,1,504.93,10,129
416,Female,0,standard,1,188,2/9/2024,1,1,73.25,1,0,523.96,10,60
417,Female,0,standard,0,188,1/20/2021,1,1,53.54,1,3,647.91,11,13
418,Male,0,premium,0,388,7/13/2023,1,1,61.17,1,1,212.25,13,193
419,Male,0,standard,1,188,3/31/2024,0,1,57.44,1,4,249.53,13,30
420,Male,0,standard,1,188,4/5/2024,0,0,0,0,4,743.83,7,33
421,Female,0,premium,1,388,11/27/2023,1,1,60.88,1,2,312.77,9,84
422,Male,0,premium,1,388,7/30/2022,1,1,61.91,1,1,313.46,10,165
423,Female,1,standard,1,188,5/12/2021,0,1,61.78,0,1,254.85,12,69
424,Female,0,standard,0,188,2/22/2021,0,0,0,0,4,396.66,4,60
425,Female,1,premium,0,388,5/18/2022,0,0,0,0,3,249.76,4,49
426,Male,0,standard,0,188,9/29/2023,0,1,82.5,1,2,180.22,12,161
427,Male,0,premium,1,388,8/16/2023,1,1,53.43,1,5,503.31,14,37
428,Male,0,standard,1,188,4/5/2024,1,1,73.31,0,3,260.93,12,136
429,Female,0,standard,1,188,6/17/2022,0,1,88.27,1,3,271.51,14,73
430,Male,1,standard,1,188,11/3/2022,0,0,0,1,4,296.63,12,150
431,Female,1,standard,1,188,8/4/2023,1,1,62.3,1,5,305.83,12,110
432,Male,0,standard,1,188,2/25/2022,1,1,59.23,1,4,311.25,17,60
433,Male,0,standard,1,188,1/16/2024,0,1,66.54,1,2,692.42,9,186
434,Female,1,premium,0,388,2/13/2024,0,0,0,1,2,687.21,11,36
435,Female,1,standard,0,188,7/13/2021,1,1,87.7,0,4,413.55,12,186
436,Male,0,premium,0,388,2/2/2024,1,1,72.91,0,3,1015.17,9,103
437,Male,1,standard,0,188,6/2/2023,1,1,62.03,0,4,1500,13,146
438,Male,0,standard,1,188,8/19/2022,0,0,0,1,5,171.61,9,37
439,Female,0,standard,1,188,10/26/2022,1,1,77.26,1,6,278.7,11,65
440,Female,1,standard,1,188,5/14/2022,1,1,53.47,1,2,470.64,12,76
441,Male,1,standard,1,188,5/25/2023,0,1,80.22,0,1,536.32,10,145
442,Male,0,premium,0,388,4/13/2024,1,1,76.13,0,2,367.16,11,67
443,Female,0,standard,0,188,7/23/2022,1,1,65.38,1,4,450.03,13,107
444,Male,0,premium,1,388,8/11/2022,1,1,57.42,0,2,220.03,12,108
445,Female,0,premium,1,388,3/23/2022,1,1,56.7,1,1,1007.14,15,84
446,Female,0,premium,1,388,4/4/2022,0,1,78.02,0,0,192.13,8,104
447,Female,0,standard,1,188,1/23/2024,1,1,88.43,0,2,318.5,13,96
448,Female,0,standard,0,188,10/2/2023,0,0,0,0,1,766.27,12,137
449,Female,0,standard,1,188,3/3/2022,1,1,60.44,0,1,102.49,8,62
450,Female,1,standard,1,188,4/19/2024,0,0,0,0,4,266.06,9,57
451,Male,0,premium,1,388,10/24/2021,1,1,76.88,1,0,591.46,15,61
452,Female,0,premium,1,388,6/13/2023,1,1,38.69,0,1,1037.93,11,112
453,Female,0,standard,1,188,8/16/2023,1,1,61.23,1,5,101.79,9,119
454,Male,0,standard,0,188,7/23/2022,0,1,69.53,0,5,107.82,10,127
455,Female,1,standard,1,188,1/26/2023,0,1,56.35,0,2,461.9,11,170
456,Male,0,premium,1,388,7/6/2022,1,1,55.95,0,0,595.05,16,36
457,Female,1,standard,1,188,10/14/2021,1,1,59.98,1,4,445.98,10,129
458,Male,0,standard,1,188,10/22/2023,0,0,0,0,2,385.34,14,44
459,Male,1,premium,0,388,5/5/2022,0,1,74.38,0,0,156.3,10,110
460,Female,1,standard,1,188,6/8/2023,0,0,0,0,1,552.46,7,165
461,Female,1,standard,1,188,3/2/2023,0,1,67.19,1,1,221.61,12,113
462,Female,0,standard,1,188,6/3/2023,1,1,36.43,1,3,531.91,12,5
463,Female,0,premium,1,388,3/24/2024,1,1,38.19,1,5,527.05,10,71
464,Male,0,standard,1,188,5/18/2021,1,1,60.9,1,4,305.38,12,113
465,Male,0,premium,1,388,2/7/2021,0,1,76.87,0,3,336.11,13,134
466,Male,0,premium,0,388,3/31/2021,0,1,30,1,2,264.04,16,54
467,Female,0,standard,1,188,1/8/2024,1,1,62.5,0,3,527.94,10,200
468,Male,0,standard,1,188,3/2/2022,1,1,62.11,1,2,230.45,9,142
469,Female,0,premium,1,388,9/28/2022,0,1,90.83,1,1,1490.21,15,77
470,Female,0,standard,1,188,1/20/2022,0,0,0,0,4,234.35,10,64
471,Male,1,standard,0,188,6/10/2023,0,0,0,0,5,1243.33,6,28
472,Female,0,standard,1,188,3/30/2024,0,0,0,1,2,565.62,14,50
473,Male,1,standard,1,188,2/8/2024,0,0,0,0,5,384.64,5,23
474,Female,0,standard,0,188,4/5/2024,0,1,64.22,0,2,229.43,12,200
475,Male,0,standard,1,188,5/27/2021,0,1,75.74,1,2,218.89,13,92
476,Female,0,premium,1,388,11/26/2021,0,0,0,0,0,1416.12,9,87
477,Male,1,premium,1,388,3/29/2024,0,1,72.12,0,4,315.47,9,107
478,Male,0,standard,1,188,6/11/2022,1,1,38.04,0,5,82.3,11,13
479,Female,0,standard,1,188,1/26/2022,1,1,81.52,1,4,255.29,17,127
480,Female,0,standard,1,188,7/22/2023,1,1,73.23,0,1,243.53,11,136
481,Male,0,premium,1,388,8/27/2022,1,1,77.62,1,1,463.47,13,142
482,Female,0,premium,0,388,7/28/2023,0,0,0,1,3,399.7,9,0
483,Female,0,standard,1,188,3/3/2024,1,1,95,1,2,394.42,16,70
484,Female,0,premium,1,388,9/28/2022,0,1,38.74,1,2,230.9,15,98
485,Male,0,standard,1,188,4/17/2024,0,0,0,0,7,158.29,11,23
486,Male,0,premium,0,388,3/15/2024,1,1,95,0,4,120.31,12,128
487,Female,1,standard,1,188,1/24/2022,0,1,65.69,0,2,656.88,15,69
488,Female,0,standard,1,188,3/29/2024,1,1,74.31,1,0,343.6,10,149
489,Male,0,premium,1,388,2/12/2024,0,1,69.32,1,0,280.85,13,157
490,Female,0,standard,1,188,4/9/2024,0,0,0,1,4,305.68,10,89
491,Male,0,premium,0,388,3/18/2023,1,1,63.64,0,5,764.52,11,161
492,Female,0,standard,1,188,2/16/2024,0,0,0,1,4,674.65,13,122
493,Female,0,standard,1,188,10/16/2023,1,1,61.45,0,2,121.36,12,73
494,Female,1,standard,1,188,1/28/2022,0,0,0,0,0,501.06,6,28
495,Male,0,standard,1,188,12/19/2023,0,0,0,1,7,279.05,9,95
496,Male,0,standard,0,188,11/21/2021,0,0,0,0,8,546.76,8,105
497,Male,0,premium,1,388,4/3/2023,1,1,74.94,1,3,193.54,12,93
498,Male,1,premium,1,388,8/1/2022,0,0,0,0,0,492.43,8,30
499,Female,0,standard,1,188,5/5/2023,1,1,47.24,0,3,129.1,7,33
500,Female,0,standard,1,188,9/17/2023,0,1,81.26,1,5,200.69,15,55
501,Male,0,standard,1,188,5/10/2021,0,0,0,1,4,228.81,13,9
502,Female,0,standard,1,188,6/27/2021,0,1,63.76,0,4,286.99,15,70
503,Female,0,standard,1,188,4/26/2024,0,0,0,0,0,370.67,13,48
504,Male,0,standard,1,188,6/2/2021,1,1,53.05,1,1,418.15,14,70
505,Female,0,standard,1,188,7/22/2022,1,1,63.25,0,1,394.14,8,137
506,Female,1,standard,1,188,3/21/2024,1,1,88.86,0,6,516.71,14,99
507,Male,0,standard,1,188,4/29/2024,1,1,61.97,0,3,304.35,10,100
508,Female,0,premium,0,388,1/29/2023,0,1,75.38,1,4,568.35,13,124
509,Female,0,premium,1,388,8/4/2023,0,1,59.04,0,1,389.02,11,0
510,Female,0,premium,1,388,10/7/2022,1,1,81.37,0,6,238.28,14,158
511,Male,0,premium,1,388,7/24/2021,0,1,80.28,1,5,640.26,14,171
512,Male,0,premium,1,388,11/13/2022,1,1,95,1,1,254.5,10,94
513,Female,0,standard,0,188,4/28/2024,0,1,67.37,0,5,196.19,11,104
514,Female,0,standard,0,188,5/19/2021,1,1,80.03,1,2,402.24,12,169
515,Female,1,standard,1,188,5/7/2023,0,1,71.47,0,1,724.57,15,115
516,Male,1,standard,1,188,5/1/2024,0,1,89.44,1,2,339.73,14,143
517,Male,0,premium,0,388,1/19/2023,0,0,0,1,6,628.14,10,56
518,Male,0,premium,1,388,3/22/2024,0,0,0,0,6,373.33,12,122
519,Female,0,premium,1,388,11/22/2021,1,1,59.22,1,2,1478.29,13,79
520,Female,1,standard,1,188,2/2/2024,0,1,81.18,0,4,818.83,11,141
521,Female,0,premium,0,388,3/15/2021,0,0,0,1,4,582.67,9,82
522,Female,0,premium,0,388,2/15/2021,1,1,67.08,0,5,775.48,11,97
523,Female,0,standard,1,188,3/12/2022,1,1,69.04,1,2,357.66,16,101
524,Male,0,standard,1,188,8/24/2019,1,1,71.38,1,3,359.91,15,150
525,Female,0,premium,0,388,7/7/2022,0,0,0,0,4,301.76,13,65
526,Female,0,standard,1,188,2/28/2024,0,1,73.78,1,0,209.08,8,72
527,Female,0,standard,1,188,7/12/2023,0,1,68.26,0,2,334.5,10,194
528,Male,0,standard,1,188,7/18/2021,0,0,0,1,4,103.48,7,99
529,Female,1,standard,1,188,2/16/2019,0,0,0,0,2,1500,11,61
530,Male,0,premium,1,388,12/26/2023,0,1,73.22,1,7,612.01,10,109
531,Male,0,premium,1,388,8/13/2023,0,1,93.67,0,0,775.24,9,127
532,Male,0,standard,0,188,8/14/2023,0,0,0,1,7,581.13,11,80
533,Male,0,standard,1,188,10/15/2020,1,1,84.78,1,1,265.72,14,38
534,Male,0,standard,1,188,3/2/2024,0,1,83.04,1,0,390.14,15,200
535,Female,0,standard,1,188,3/11/2022,1,1,63.17,1,2,287.69,13,88
536,Female,0,standard,1,188,5/29/2022,0,0,0,0,4,237.93,9,59
537,Male,0,standard,1,188,4/16/2024,1,1,56.66,1,4,351.72,12,61
538,Male,0,standard,1,188,2/20/2023,0,0,0,0,1,566.53,12,139
539,Male,0,standard,0,188,8/25/2023,0,0,0,1,1,125.06,9,56
540,Female,1,premium,1,388,10/26/2021,1,1,84.33,1,3,148.31,12,183
541,Female,0,standard,1,188,11/10/2023,0,1,83.14,0,3,97.4,11,136
542,Male,0,premium,1,388,12/10/2023,0,1,92.09,0,4,272.67,10,81
543,Female,0,premium,0,388,7/20/2022,1,1,60.94,1,0,295.56,15,125
544,Female,0,standard,1,188,4/22/2021,1,1,66.56,1,3,354.59,10,115
545,Male,0,premium,1,388,1/6/2024,0,0,0,1,4,331.18,13,16
546,Male,0,premium,1,388,1/7/2024,0,1,45.41,0,8,223.79,9,74
547,Female,1,premium,0,388,5/28/2022,0,0,0,0,4,719.48,12,60
548,Female,0,standard,1,188,1/18/2024,1,1,64.11,1,1,276.21,14,142
549,Female,0,standard,1,188,2/10/2022,0,1,84.95,0,1,207.5,13,127
550,Male,0,standard,1,188,4/21/2021,0,1,63,0,3,506.46,12,93
551,Male,0,premium,1,388,2/3/2023,1,1,79.61,0,3,650.65,11,150
552,Male,0,standard,1,188,1/10/2021,1,1,67.14,0,5,1470.82,11,95
553,Female,0,standard,1,188,6/8/2021,0,1,74.86,1,4,649.99,11,0
554,Female,0,premium,1,388,4/26/2023,0,1,52.78,1,3,307.65,11,65
555,Male,0,standard,1,188,2/8/2024,1,1,71.28,1,2,201.97,15,97
556,Female,0,premium,1,388,3/12/2023,0,1,30,1,2,485,10,75
557,Male,1,standard,1,188,5/4/2023,1,1,67.2,0,1,402.35,13,199
558,Female,1,standard,0,188,2/16/2024,1,1,45.54,0,0,282.87,9,141
559,Male,0,standard,0,188,3/29/2023,0,0,0,1,3,578.19,10,53
560,Female,0,premium,1,388,3/22/2023,0,1,88.09,1,1,365.64,17,86
561,Female,0,standard,1,188,5/10/2022,0,1,81.66,1,1,104.17,15,143
562,Male,0,standard,1,188,6/20/2023,1,1,77,0,1,129.33,12,105
563,Male,1,standard,0,188,9/29/2023,0,1,92.82,1,1,753.13,15,135
564,Male,1,standard,1,188,5/19/2019,1,1,55.77,0,0,334.68,14,33
565,Male,0,premium,1,388,5/26/2023,1,1,95,1,4,161.25,11,130
566,Male,0,premium,1,388,2/7/2024,1,1,83.98,1,2,627.56,15,87
567,Female,0,standard,0,188,10/12/2021,0,1,66.45,0,3,461.71,10,167
568,Male,0,standard,1,188,3/22/2024,1,1,87.03,0,3,347.92,7,96
569,Male,0,standard,1,188,6/3/2022,1,1,53.41,1,7,399.76,10,86
570,Male,0,premium,1,388,4/12/2024,1,1,57.63,0,0,359.03,10,9
571,Male,0,standard,1,188,10/23/2023,0,0,0,0,2,694.23,9,91
572,Male,0,premium,1,388,9/22/2021,0,1,60.87,0,1,319.51,14,81
573,Female,0,standard,1,188,6/5/2021,1,1,62.07,1,3,672.56,14,130
574,Male,0,standard,1,188,1/8/2024,0,1,54.15,0,6,1123.75,11,100
575,Male,0,standard,0,188,2/4/2024,1,1,88.35,1,4,319.6,10,112
576,Male,0,premium,1,388,3/26/2021,1,1,66.12,0,4,500.58,10,78
577,Female,1,standard,1,188,11/22/2023,1,1,75.29,1,2,295.3,11,139
578,Female,0,premium,1,388,1/19/2024,0,1,61.44,1,4,408.18,13,86
579,Male,0,premium,1,388,12/28/2022,0,1,42.69,1,0,251.2,8,43
580,Male,0,standard,0,188,11/26/2021,1,1,74.05,0,3,580.12,11,130
581,Female,0,standard,1,188,7/13/2023,1,1,41.32,1,3,243.99,15,114
582,Female,0,premium,1,388,1/23/2023,1,1,68.97,0,2,379.04,12,121
583,Female,0,standard,0,188,11/7/2022,1,1,49.48,0,1,428.23,13,60
584,Male,0,standard,0,188,11/11/2021,1,1,95,1,5,597.31,15,149
585,Male,0,standard,0,188,1/15/2023,0,0,0,0,0,209.73,7,62
586,Female,0,premium,1,388,2/23/2024,1,1,83.67,1,0,512.38,11,145
587,Male,1,standard,1,188,4/15/2024,1,1,71.59,0,2,310.27,13,163
588,Female,1,premium,1,388,2/15/2024,1,1,88.96,1,2,469.55,15,106
589,Female,1,premium,1,388,4/12/2024,0,0,0,0,4,484.52,9,0
590,Female,1,premium,1,388,4/28/2023,1,1,57.31,0,3,748.06,9,27
591,Male,1,standard,1,188,3/18/2023,0,1,78.15,0,4,475.65,12,168
592,Female,0,premium,1,388,1/27/2024,1,1,73,0,2,340.02,7,118
593,Female,1,premium,1,388,4/4/2023,1,1,73.96,1,4,485.81,10,106
594,Male,0,premium,1,388,4/19/2024,0,1,89.09,0,5,228.23,11,166
595,Female,0,standard,1,188,4/13/2024,1,1,80.99,0,2,123.75,12,115
596,Male,0,standard,1,188,4/29/2024,0,0,0,0,2,236.06,6,0
597,Female,0,premium,0,388,3/18/2022,1,1,74.33,1,5,281.02,9,59
598,Male,1,standard,1,188,12/25/2023,1,1,45.18,0,0,355.19,11,76
599,Female,1,standard,1,188,2/21/2023,0,0,0,0,2,805.64,9,57
600,Female,1,standard,0,188,3/7/2024,1,1,55.6,0,1,480.89,11,118
601,Female,1,premium,1,388,4/9/2022,1,1,68.16,1,0,834.7,13,90
602,Female,0,standard,0,188,2/8/2023,1,1,71.4,0,1,1441.08,15,107
603,Female,1,standard,1,188,8/8/2023,0,1,53.05,1,2,199.27,8,24
604,Male,1,standard,1,188,1/31/2024,1,1,95,0,4,478.54,10,99
605,Male,1,premium,1,388,12/29/2022,0,0,0,1,2,513.42,12,0
606,Female,0,standard,1,188,4/24/2024,1,1,92.75,0,5,607.55,9,104
607,Female,0,standard,0,188,8/30/2021,1,1,79.03,0,2,421.36,12,117
608,Female,0,standard,1,188,12/10/2022,1,1,71.08,1,7,265.75,13,114
609,Male,0,premium,1,388,12/12/2023,0,0,0,0,7,744.56,13,145
610,Male,0,premium,1,388,11/20/2023,0,0,0,1,4,471.39,14,133
611,Female,1,standard,1,188,3/25/2024,0,0,0,0,6,999.83,13,29
612,Male,0,standard,1,188,2/18/2024,1,1,66.82,0,4,320.03,8,38
613,Female,0,premium,1,388,5/25/2022,0,1,55.72,0,5,268.17,14,56
614,Female,1,standard,1,188,11/21/2022,1,1,71.16,0,1,229.87,8,135
615,Female,0,premium,1,388,5/14/2023,1,1,73.87,0,2,162.93,12,85
616,Male,0,standard,1,188,6/21/2023,1,1,51.37,1,4,419.48,14,27
617,Female,1,standard,1,188,4/11/2024,1,1,75.01,1,2,285.3,10,183
618,Female,0,standard,1,188,1/10/2024,0,1,67.67,0,5,364.1,12,109
619,Female,0,standard,0,188,3/24/2023,1,1,41.38,0,5,297.33,6,86
620,Male,0,premium,1,388,4/11/2024,1,1,57.09,0,2,127.9,10,22
621,Male,1,standard,1,188,3/6/2022,1,1,63.8,0,5,875.13,14,117
622,Male,0,premium,1,388,10/25/2022,0,1,95,1,1,668.8,11,106
623,Female,0,standard,1,188,2/26/2023,1,1,78.35,0,2,1108.61,7,92
624,Male,0,standard,1,188,11/5/2023,1,1,49.97,1,3,159.15,12,106
625,Female,0,standard,1,188,11/26/2021,0,0,0,0,1,217.13,11,4
626,Male,0,premium,1,388,1/18/2024,0,1,77.29,1,3,236.68,8,132
627,Female,0,standard,1,188,2/15/2023,0,1,46.79,1,3,1400.87,11,45
628,Male,0,premium,1,388,4/25/2023,1,1,86.24,1,1,239.87,17,136
629,Female,1,premium,1,388,9/28/2023,0,0,0,1,4,960.4,8,46
630,Male,0,standard,1,188,2/6/2022,1,1,62.93,0,3,341.2,10,154
631,Male,0,standard,1,188,10/17/2022,1,1,68.6,1,2,361.48,14,82
632,Male,0,standard,0,188,1/2/2023,1,1,89.89,1,1,370.65,13,166
633,Female,0,premium,1,388,7/27/2022,1,1,50.69,1,5,285.42,15,58
634,Male,0,premium,1,388,8/29/2022,1,1,49.04,1,5,1455.14,9,6
635,Male,1,standard,1,188,4/2/2024,1,1,61.25,1,1,126.15,16,147
636,Male,0,standard,0,188,8/17/2023,0,0,0,1,0,414.1,15,52
637,Male,0,premium,1,388,8/15/2023,1,1,85.58,0,5,641.46,9,51
638,Female,0,standard,1,188,2/7/2024,0,0,0,0,3,374.54,5,73
639,Male,0,standard,1,188,7/5/2023,1,1,47.21,0,1,275.71,15,100
640,Female,0,standard,1,188,3/31/2024,0,1,30,1,3,301.84,11,111
641,Female,1,standard,1,188,12/20/2021,0,0,0,1,3,297.79,10,44
642,Female,0,standard,1,188,2/18/2020,1,1,63.23,0,4,435.43,12,125
643,Female,0,standard,0,188,6/29/2023,1,1,78.28,0,1,593.4,13,122
644,Male,0,standard,1,188,12/25/2023,1,1,88,1,3,406.65,15,179
645,Female,1,premium,1,388,9/27/2021,0,1,63.05,1,1,1500,10,87
646,Female,0,standard,0,188,2/13/2024,1,1,63.83,1,7,353.14,11,101
647,Female,0,standard,1,188,3/25/2024,1,1,87.31,1,4,427.17,17,86
648,Female,0,standard,0,188,7/13/2021,1,1,41.95,1,4,703.13,13,2
649,Male,0,premium,1,388,2/15/2023,1,1,64.17,0,4,193.5,12,129
650,Male,0,standard,1,188,5/24/2023,1,1,72.86,0,2,641.09,16,184
651,Female,1,standard,1,188,1/1/2022,1,1,76.74,0,6,358.47,12,112
652,Female,0,premium,1,388,5/13/2022,1,1,62.35,0,0,415.11,9,84
653,Female,0,standard,1,188,12/6/2023,0,1,70.52,0,5,243.28,13,127
654,Male,0,standard,0,188,4/15/2021,1,1,32.68,0,1,386.13,10,83
655,Male,0,premium,0,388,2/19/2024,1,1,60.13,0,2,793.3,7,113
656,Male,1,standard,1,188,5/21/2023,0,0,0,1,3,929.44,9,116
657,Male,0,standard,1,188,5/3/2022,0,1,76.8,1,4,363.75,14,87
658,Male,0,standard,1,188,2/5/2022,1,1,55.27,1,5,363.02,16,48
659,Female,0,premium,0,388,12/16/2022,1,1,70.88,0,3,450.15,10,131
660,Male,0,premium,1,388,8/16/2019,1,1,76.7,0,2,378.27,9,135
661,Male,0,standard,1,188,4/27/2024,1,1,64.86,1,6,779.75,13,121
662,Female,0,premium,1,388,4/24/2021,0,0,0,0,1,752.89,11,8
663,Male,0,standard,1,188,7/16/2021,0,1,72.56,1,5,111.66,15,200
664,Male,0,premium,0,388,5/1/2023,0,0,0,0,3,457.6,9,50
665,Male,1,premium,1,388,9/10/2023,0,0,0,1,2,187.59,12,64
666,Female,1,premium,1,388,4/12/2023,0,0,0,1,0,438.87,9,84
667,Male,0,standard,1,188,11/22/2021,0,0,0,1,2,292.01,11,34
668,Female,1,standard,1,188,3/21/2023,0,1,55.56,1,2,202.55,11,62
669,Female,1,premium,1,388,4/28/2024,1,1,66.9,1,1,538.84,16,92
670,Male,0,premium,1,388,9/10/2019,1,1,79.15,1,0,345.45,9,136
671,Male,1,premium,1,388,6/28/2021,0,1,72.35,0,2,256.49,12,108
672,Male,0,standard,1,188,12/19/2023,0,1,61.2,0,3,225.42,9,130
673,Male,1,standard,1,188,1/12/2024,0,1,73.36,1,5,933.28,13,78
674,Female,0,standard,1,188,12/3/2022,1,1,80.72,0,1,356.53,11,86
675,Male,0,standard,1,188,6/2/2023,1,1,39.25,0,2,610.56,9,5
676,Female,0,standard,1,188,1/20/2024,0,1,87.39,1,2,378.18,11,91
677,Female,1,premium,1,388,7/14/2023,1,1,64.96,1,3,480.41,14,17
678,Female,0,standard,1,188,3/31/2024,1,1,76.38,1,5,178.1,11,107
679,Female,0,premium,1,388,1/22/2023,0,0,0,1,3,482.63,12,38
680,Female,0,premium,1,388,11/27/2021,1,1,87.96,0,5,309.35,12,126
681,Male,0,standard,0,188,2/18/2022,1,1,49.42,1,3,341.84,13,61
682,Female,0,standard,1,188,7/7/2022,1,1,59.36,0,3,677.48,11,110
683,Female,1,standard,1,188,5/9/2023,1,1,65.67,0,2,409.21,15,200
684,Male,0,standard,1,188,10/19/2022,0,1,58.24,1,5,136.34,12,105
685,Male,0,standard,1,188,11/11/2021,1,1,95,0,6,306.89,10,101
686,Female,0,premium,0,388,2/12/2021,0,1,57.15,1,3,787.81,16,40
687,Female,0,standard,1,188,7/7/2022,1,1,61.67,0,5,328.2,9,154
688,Male,0,standard,0,188,4/1/2023,1,1,73.07,1,0,349.22,14,52
689,Female,0,standard,0,188,5/21/2023,0,1,51.97,0,6,336.23,8,47
690,Male,1,standard,0,188,4/13/2024,1,1,64.06,0,1,1166.63,12,110
691,Male,0,premium,0,388,3/7/2023,1,1,74.76,1,2,197.89,10,143
692,Female,0,standard,0,188,10/15/2022,1,1,65.01,0,0,291.82,14,144
693,Male,0,standard,1,188,7/7/2022,0,0,0,0,7,379.62,9,30
694,Female,0,premium,1,388,4/11/2022,1,1,68.6,0,5,709.86,10,103
695,Female,1,standard,1,188,7/12/2023,0,1,62.06,0,6,395.52,8,137
696,Female,0,standard,1,188,7/1/2022,0,1,47.28,0,5,193.73,9,28
697,Male,0,standard,0,188,9/3/2023,1,1,74.82,1,3,774.43,13,168
698,Female,0,standard,1,188,4/14/2024,1,1,95,1,6,245.9,13,144
699,Male,1,premium,0,388,3/3/2022,1,1,70.28,0,7,405.58,9,126
700,Female,0,premium,0,388,4/23/2023,0,0,0,1,3,206.05,11,75
701,Female,0,premium,1,388,6/18/2022,0,1,73.38,0,1,335.58,11,101
702,Male,1,standard,1,188,5/19/2022,1,1,80.39,0,4,967.74,10,94
703,Female,0,premium,1,388,7/5/2019,1,1,50.96,1,7,355.28,9,43
704,Female,1,premium,1,388,12/29/2023,1,1,95,1,5,260.27,14,139
705,Male,1,standard,1,188,3/16/2024,1,1,73.03,0,5,319.86,15,128
706,Male,0,standard,0,188,2/1/2024,1,1,94.48,1,6,430.31,11,103
707,Male,0,standard,1,188,10/20/2023,0,0,0,0,5,624.84,11,89
708,Female,0,premium,1,388,5/25/2021,0,1,59,1,4,209.56,10,53
709,Male,0,premium,1,388,1/9/2022,1,1,95,0,4,166.39,11,92
710,Male,0,premium,1,388,10/26/2022,0,0,0,1,2,407.06,11,70
711,Female,0,standard,1,188,1/19/2024,1,1,81.63,0,3,142.74,11,79
712,Male,0,standard,1,188,4/21/2024,0,0,0,1,3,243.84,10,0
713,Female,0,standard,1,188,3/17/2024,0,1,78.3,0,5,534.47,14,119
714,Female,0,premium,1,388,4/21/2024,0,0,0,1,3,370.75,15,33
715,Male,0,standard,1,188,9/6/2023,0,1,73.51,0,1,291.05,8,109
716,Female,0,premium,0,388,3/25/2023,0,0,0,0,0,152.31,8,21
717,Male,0,premium,1,388,5/4/2023,0,0,0,1,4,409.69,14,108
718,Male,0,standard,1,188,1/5/2024,1,1,66.27,1,3,444.15,12,93
719,Male,1,standard,1,188,5/7/2022,0,0,0,1,2,201,11,42
720,Male,0,premium,1,388,1/3/2024,1,1,88.01,0,1,369.27,10,135
721,Female,0,premium,1,388,4/23/2024,1,1,72.11,0,3,787.44,10,64
722,Female,1,standard,1,188,3/16/2024,1,1,40.49,0,1,242.74,8,1
723,Male,1,premium,1,388,12/8/2023,1,1,53.24,1,2,588.07,14,75
724,Male,0,premium,1,388,12/4/2022,1,1,67.21,1,2,533.48,16,102
725,Female,0,premium,1,388,11/4/2022,1,1,74.65,0,3,703.59,10,83
726,Male,0,premium,1,388,7/29/2019,0,1,69.15,1,3,274.73,14,144
727,Female,1,premium,1,388,10/12/2020,0,0,0,0,2,442.21,8,27
728,Male,0,standard,1,188,1/8/2024,0,0,0,1,5,275.87,8,49
729,Female,0,premium,1,388,3/29/2022,1,1,88.28,0,2,314.12,14,84
730,Female,1,standard,0,188,6/18/2021,1,1,40.73,1,1,357.13,13,72
731,Female,1,standard,1,188,4/30/2023,1,1,72.15,1,1,40,11,173
732,Male,0,standard,1,188,2/17/2023,0,1,42.73,0,2,116.19,8,0
733,Male,0,standard,1,188,1/23/2024,0,1,81.4,0,0,194.25,16,124
734,Male,0,standard,0,188,1/17/2024,0,1,68.58,0,0,281.13,14,154
735,Male,0,premium,1,388,3/30/2022,0,1,76.29,1,3,748.42,14,103
736,Male,0,standard,1,188,3/16/2021,0,0,0,1,3,247.56,8,14
737,Female,0,standard,1,188,6/13/2022,0,1,57.04,0,3,302.11,13,76
738,Female,0,standard,1,188,11/24/2022,1,1,89.19,0,4,404.85,10,160
739,Female,0,standard,1,188,6/15/2021,1,1,85.63,1,0,284.7,18,155
740,Female,0,standard,1,188,7/25/2023,1,1,78.75,1,6,286.16,8,134
741,Female,0,standard,1,188,12/15/2022,0,1,68.06,1,0,145.32,11,123
742,Female,0,premium,0,388,5/9/2022,0,1,78.7,0,4,662.64,11,84
743,Female,0,standard,1,188,3/21/2024,1,1,59.4,1,1,47.89,14,94
744,Male,0,standard,1,188,1/14/2024,1,1,82.83,1,5,171.84,16,152
745,Female,0,standard,1,188,5/12/2022,0,0,0,1,3,136.64,10,14
746,Male,0,premium,1,388,6/16/2023,0,0,0,1,0,599.93,11,74
747,Female,0,standard,1,188,5/30/2023,1,1,94.74,1,3,325.26,15,146
748,Female,0,premium,0,388,12/17/2022,0,1,86.06,0,0,296.19,7,155
749,Male,0,premium,1,388,11/2/2021,1,1,59.06,1,4,275.97,14,57
750,Female,0,standard,0,188,6/6/2023,1,1,75.42,0,4,500.32,15,85
751,Male,1,premium,1,388,4/25/2023,1,1,50.6,1,1,384.22,9,39
752,Female,0,standard,1,188,4/7/2024,1,1,78.59,0,2,382,7,79
753,Male,0,premium,0,388,2/28/2024,0,1,76.76,0,0,203.38,10,117
754,Female,0,standard,1,188,12/11/2021,1,1,41.95,0,4,276.65,7,50
755,Male,1,premium,1,388,8/3/2021,0,1,52.57,0,2,1500,11,145
756,Male,0,premium,1,388,12/23/2023,0,0,0,1,3,412.95,12,95
757,Female,0,premium,1,388,1/8/2022,0,0,0,1,7,418.83,10,98
758,Female,0,premium,1,388,2/28/2024,1,1,65.75,0,2,301.77,9,138
759,Male,0,premium,1,388,11/18/2021,1,1,65.49,0,8,767.25,12,105
760,Female,0,premium,1,388,11/27/2023,0,0,0,0,3,1350.11,10,48
761,Male,1,standard,1,188,2/11/2022,1,1,51.86,0,1,407.45,15,52
762,Female,0,premium,1,388,4/2/2024,0,0,0,0,2,215.9,6,67
763,Male,0,standard,0,188,4/21/2024,0,1,75.83,1,4,253.59,14,135
764,Female,0,premium,1,388,3/20/2024,0,0,0,1,2,524.94,13,60
765,Male,1,standard,1,188,12/3/2023,1,1,73.77,0,0,139.64,11,108
766,Female,0,standard,0,188,1/16/2020,0,0,0,0,1,173.07,8,36
767,Male,0,standard,1,188,6/5/2021,0,0,0,1,4,348.48,8,4
768,Male,0,premium,0,388,2/7/2024,1,1,67.09,0,3,295.01,14,171
769,Female,0,premium,1,388,5/1/2024,1,1,58.66,1,3,271.7,11,148
770,Female,0,standard,1,188,11/13/2022,0,0,0,0,1,295.26,12,107
771,Male,1,premium,1,388,3/20/2024,0,1,85.73,1,5,110.59,16,69
772,Male,0,premium,1,388,1/10/2023,0,0,0,1,7,307.79,10,91
773,Male,1,premium,1,388,11/17/2020,1,1,94.83,0,0,329.07,12,160
774,Male,0,premium,0,388,12/3/2022,0,1,62.75,1,0,596.73,7,103
775,Female,0,premium,0,388,2/23/2021,1,1,60.82,0,5,737.9,9,139
776,Male,1,standard,0,188,10/3/2021,1,1,77.37,0,5,802.85,12,101
777,Male,0,premium,1,388,4/22/2024,0,0,0,0,3,555.28,10,121
778,Male,0,standard,1,188,6/25/2022,1,1,64.63,1,6,325.23,11,134
779,Female,0,premium,1,388,7/12/2021,1,1,67.91,1,3,314.27,15,83
780,Male,0,premium,1,388,2/4/2023,1,1,81.09,1,1,107.13,11,146
781,Female,0,standard,1,188,2/18/2023,1,1,41.36,0,4,526.53,10,102
782,Female,0,premium,1,388,1/16/2024,0,0,0,0,3,1460.66,9,67
783,Female,0,standard,1,188,1/7/2022,0,0,0,0,8,412.18,8,79
784,Female,0,standard,1,188,2/11/2021,1,1,89.77,0,1,249.96,16,117
785,Female,1,premium,1,388,7/15/2023,0,0,0,0,3,858.39,10,14
786,Female,0,standard,0,188,2/3/2024,0,0,0,0,4,242.66,9,53
787,Female,0,premium,1,388,3/12/2023,0,1,71.09,1,2,310.7,13,140
788,Male,0,standard,1,188,1/3/2019,0,0,0,0,2,675.5,6,54
789,Male,0,premium,1,388,2/25/2022,1,1,63.83,1,5,1227.93,12,152
790,Female,0,standard,0,188,7/23/2021,0,1,68.66,0,2,219.3,12,104
791,Male,1,premium,1,388,6/14/2022,0,0,0,0,3,1483.11,12,46
792,Male,0,standard,0,188,8/3/2022,1,1,69.44,0,5,351.21,13,153
793,Female,0,standard,0,188,8/17/2023,0,0,0,1,1,673.11,10,68
794,Male,0,standard,0,188,4/16/2022,0,0,0,1,8,352.29,10,43
795,Female,1,standard,1,188,1/6/2023,1,1,44.03,1,4,406.43,8,101
796,Male,0,standard,1,188,4/13/2023,0,0,0,1,3,379.44,7,32
797,Female,0,standard,1,188,1/11/2023,1,1,92.42,1,2,361.9,13,90
798,Female,0,premium,1,388,8/13/2023,1,1,70.62,0,7,321.16,11,6
799,Male,0,premium,1,388,7/30/2022,1,1,76.65,0,1,258.14,9,97
800,Male,0,premium,1,388,1/20/2024,0,0,0,1,2,131.59,12,112
801,Female,0,premium,1,388,1/10/2024,1,1,84.27,1,2,557.84,14,37
802,Female,1,premium,1,388,4/22/2024,1,1,54.68,1,2,297.9,12,21
803,Female,0,standard,1,188,3/23/2023,1,1,77.1,0,3,219.02,13,137
804,Male,0,premium,1,388,7/24/2023,0,1,65.99,0,8,626.83,9,30
805,Male,0,standard,1,188,4/18/2024,0,1,82.7,0,5,576.14,12,99
806,Male,0,premium,1,388,3/26/2022,1,1,38.09,1,2,310.55,13,105
807,Male,0,premium,1,388,3/16/2023,1,1,68.51,0,2,792.16,11,200
808,Female,0,standard,0,188,11/3/2022,1,1,60.96,0,4,241.14,14,131
809,Female,0,standard,1,188,1/12/2024,0,0,0,1,0,392.27,6,22
810,Female,1,standard,1,188,10/2/2021,1,1,76.48,0,5,166.22,12,81
811,Female,0,standard,1,188,1/31/2023,1,1,77.05,1,5,422.24,12,125
812,Male,0,premium,1,388,1/8/2024,0,0,0,0,5,228.41,10,71
813,Female,1,standard,1,188,6/26/2023,1,1,59.39,1,2,491.93,14,134
814,Female,0,premium,1,388,3/13/2021,0,0,0,0,3,1227.74,10,98
815,Male,0,premium,1,388,7/17/2023,1,1,59.32,0,0,792.52,13,63
816,Male,0,standard,1,188,4/15/2022,0,0,0,0,2,568.14,8,46
817,Female,0,premium,1,388,1/14/2022,1,1,68.34,0,3,620.88,10,200
818,Male,0,premium,1,388,3/2/2023,1,1,56.55,1,6,218.98,13,85
819,Female,1,standard,1,188,4/14/2021,0,1,82.63,1,5,328.55,14,93
820,Male,0,standard,1,188,11/13/2022,0,0,0,1,7,457.52,14,51
821,Male,0,premium,1,388,8/18/2023,0,1,64.46,1,5,241.95,10,84
822,Female,1,premium,1,388,4/27/2024,1,1,30,0,0,421.53,9,0
823,Male,0,premium,1,388,2/13/2024,0,0,0,1,3,244.68,10,72
824,Female,0,premium,0,388,4/15/2022,0,0,0,0,0,431.26,12,131
825,Male,0,standard,1,188,1/8/2023,0,1,64.38,0,2,169.85,15,54
826,Male,0,premium,1,388,2/6/2024,0,0,0,0,3,537.35,8,62
827,Male,0,standard,0,188,3/19/2024,0,0,0,1,4,1277.47,6,31
828,Male,0,premium,1,388,3/18/2023,0,1,54.42,0,4,176.2,11,80
829,Male,0,standard,1,188,2/8/2024,1,1,45.53,0,0,475.19,9,53
830,Female,0,premium,0,388,12/4/2021,1,1,51.44,1,1,420.54,17,5
831,Male,0,standard,0,188,5/10/2021,1,1,71.64,0,1,340.83,11,80
832,Female,0,premium,1,388,6/10/2022,0,1,89.93,0,0,391.67,11,86
833,Male,1,standard,1,188,4/16/2021,0,1,74.7,1,1,311.68,12,173
834,Female,1,premium,0,388,6/26/2023,1,1,60.9,0,4,262.58,10,171
835,Male,0,premium,1,388,8/5/2021,1,1,76.84,1,5,641.16,14,107
836,Female,0,standard,0,188,7/21/2022,1,1,63.11,1,2,754.25,9,169
837,Female,0,standard,1,188,10/7/2023,0,0,0,1,4,157.18,9,53
838,Male,0,standard,1,188,12/6/2022,0,0,0,1,1,113.66,15,46
839,Male,0,standard,0,188,11/7/2023,1,1,59.58,1,7,308.72,9,62
840,Male,0,standard,0,188,5/22/2020,0,0,0,1,2,337.65,11,71
841,Female,1,premium,1,388,3/11/2020,1,1,52.68,0,5,510.2,10,37
842,Female,0,premium,1,388,1/15/2021,0,1,43.72,0,6,260.37,11,60
843,Male,1,premium,1,388,2/17/2024,1,1,64.15,0,5,411.02,8,151
844,Male,0,standard,1,188,1/16/2023,0,1,72.37,1,0,407.97,12,125
845,Female,1,premium,1,388,1/19/2019,0,0,0,1,4,381.01,10,61
846,Female,0,premium,0,388,3/6/2022,0,1,68.55,0,1,164.33,9,139
847,Male,1,standard,0,188,6/16/2022,0,1,63.76,1,0,149.63,13,146
848,Female,0,standard,1,188,12/15/2020,1,1,55.81,1,0,328.18,10,57
849,Male,0,premium,1,388,4/30/2024,1,1,79.12,0,6,202.97,12,101
850,Male,0,premium,1,388,11/1/2022,1,1,50.24,1,6,169.43,16,67
851,Male,1,premium,1,388,3/20/2023,1,1,81.64,0,1,710.57,9,56
852,Female,0,premium,1,388,2/25/2021,1,1,54.97,0,3,799.81,9,51
853,Female,0,premium,1,388,11/6/2019,0,0,0,1,7,230.1,13,0
854,Female,0,standard,1,188,3/30/2024,0,0,0,1,3,446.56,12,0
855,Female,0,standard,1,188,10/18/2019,1,1,58.71,0,2,149.41,7,0
856,Male,1,standard,1,188,4/9/2024,0,0,0,1,3,482.99,10,101
857,Female,1,premium,1,388,10/12/2022,1,1,48,1,4,395.57,11,60
858,Male,0,standard,1,188,2/22/2024,1,1,62.48,0,3,314.41,9,69
